Timon_T,Timon_B,Timon_D,CT_T,CT_B,Target_Amplitude,CT_Amplitude
0.870966622606545,0.129033377393455,0.0877528658015605,48.8857938718663,51.1142061281337,3.41224713419844,3.29218305348012
0.63372090020977,0.36627909979023,0.0222191806205497,49.1923641703377,50.8076358296623,3.47778081937945,3.29177932626606
0.478412219814169,0.521587780185831,0.131441492227776,48.567335243553,51.432664756447,3.36855850777222,3.2625
0.474308383025891,0.525691616974109,0.536810797222428,51.9900497512438,48.0099502487562,2.96318920277757,2.5028051812833
0.704476223496458,0.295523776503542,0.275920615689132,48.6280487804878,51.3719512195122,3.22407938431087,3.15671336487081
0.352937618157083,0.647062381842917,0.0451737584545957,47.4358974358974,52.5641025641026,3.4548262415454,3.45329495043457
0.175210699486466,0.824789300513534,0.0225788518261562,43.2624113475177,56.7375886524823,3.47742114817384,2.57492126454422
0.0989911346405991,0.901008865359401,0.00861937813574219,46.7501957713391,53.2498042286609,3.49138062186426,3.48975052301211
0.256037923662763,0.743962076337237,0.0142975727453104,46.9565217391304,53.0434782608696,3.48570242725469,3.4757525019767
0.116680388937243,0.883319611062757,0.0126466280772023,43.1034482758621,56.8965517241379,3.4873533719228,2.57726349525592
0.378874163487348,0.621125836512652,0.022999170069321,47.3221422861711,52.6778577138289,3.47700082993068,3.473883474278
0.474411548470717,0.525588451529283,0.0182115582134713,49.5035460992908,50.4964539007092,3.48178844178653,3.29105152943987
0.513136413970254,0.486863586029746,0.0211807847925247,48.3211678832117,51.6788321167883,3.47881921520748,3.30982108152282
0.667332768945009,0.332667231054991,0.0708874510659231,48.4992101105845,51.5007898894155,3.42911254893408,3.26248975642196
0.697001762732659,0.302998237267341,0.0573725206458195,50.2170767004341,49.7829232995658,3.44262747935418,3.27458210070308
0.662964507571696,0.337035492428304,0.0652319038248706,48.9570552147239,51.0429447852761,3.43476809617513,3.34914554475404
0.643320910240432,0.356679089759568,0.0550881314233824,48.567335243553,51.432664756447,3.44491186857662,3.30012949447258
0.714149442726146,0.285850557273854,0.271063905982261,48.6443381180223,51.3556618819777,3.22893609401774,3.19210069198334
0.845820023615195,0.154179976384805,0.836471079430239,49.0706319702602,50.9293680297398,2.66352892056976,2.37024632922154
0.926913084450892,0.0730869155491077,0.922980551811793,49.063670411985,50.936329588015,2.57701944818821,2.3956129712622
0.622138714620227,0.377861285379773,0.735422665347988,47.7611940298507,52.2388059701493,2.76457733465201,2.31002988855326
0.752508632174755,0.247491367825245,0.751177989388444,47.5155279503106,52.4844720496894,2.74882201061156,2.32210870773196
0.815849768108412,0.184150231891588,0.70447217240227,50.635593220339,49.364406779661,2.79552782759773,2.90849349546701
0.640390724925817,0.359609275074184,0.214640113918822,48.4848484848485,51.5151515151515,3.28535988608118,3.21312304086813
0.633182820253612,0.366817179746388,0.446619988865522,48.731884057971,51.268115942029,3.05338001113448,2.93891227420678
0.466943538239999,0.533056461760001,0.384308010118482,46.8267581475129,53.1732418524871,3.11569198988152,3.00422053444921
0.642895448175613,0.357104551824387,0.482719686637274,49.2307692307692,50.7692307692308,3.01728031336273,2.58330931574985
0.325101531725585,0.674898468274415,0.0174404239797933,47.3809523809524,52.6190476190476,3.48255957602021,3.47829807339977
0.159702540974346,0.840297459025654,0.0182409477752164,46.608832807571,53.391167192429,3.48175905222478,3.46454699998941
0.139423830382189,0.860576169617811,0.0236829169002407,46.608832807571,53.391167192429,3.47631708309976,3.46618447324389
0.501492490787859,0.498507509212141,0.0523535561906071,48.1843575418994,51.8156424581006,3.44764644380939,3.265874475404
0.465634264219834,0.534365735780166,0.0268964212737203,47.6327116212339,52.3672883787661,3.47310357872628,3.3152276082576
0.46777882104939,0.53222117895061,0.029559269561457,46.6101694915254,53.3898305084746,3.47044073043854,3.43466032725431
0.441677400353656,0.558322599646344,0.0278578548547509,48.1104651162791,51.8895348837209,3.47214214514525,3.27161660578062
0.574918744475343,0.425081255524657,0.0619917577389195,48.7769784172662,51.2230215827338,3.43800824226108,3.2788633352499
0.560237589979788,0.439762410020212,0.046151018038671,49.1477272727273,50.8522727272727,3.45384898196133,3.29578873011028
0.315818216528523,0.684181783471477,0,47.255369928401,52.744630071599,3.5,3.47922548785796
0.76971427647389,0.23028572352611,0.0591473217595671,48.8165680473373,51.1834319526627,3.44085267824043,3.29314713503363
0.725990171313977,0.274009828686023,0.0880500390057033,49.1549295774648,50.8450704225352,3.4119499609943,3.30302435835675
0.634676064763366,0.365323935236634,0.0762799326469166,48.0851063829787,51.9148936170213,3.42372006735308,3.30906412525225
0.713305701633915,0.286694298366085,0.303791713050256,48.2084690553746,51.7915309446254,3.19620828694974,3.17199180211995
0.817223357136147,0.182776642863853,0.763872961397444,47.557003257329,52.442996742671,2.73612703860256,2.43442802121427
0.641501785783425,0.358498214216575,0.322706506570427,47.0784641068447,52.9215358931553,3.17729349342957,3.0228548207735
0.625687940686563,0.374312059313437,0.305065648321628,48.0830670926518,51.9169329073482,3.19493435167837,3.14709512801911
0.590238045356718,0.409761954643282,0.312449139112687,48.8964346349745,51.1035653650255,3.18755086088731,3.07945891473704
0.58844095195037,0.41155904804963,0.230685977798241,48.6280487804878,51.3719512195122,3.26931402220176,3.16274376776402
0.772512771283848,0.227487228716152,0.480756034622365,48.5981308411215,51.4018691588785,3.01924396537764,2.9424194173873
0.609992462045785,0.390007537954215,0.0282715782120646,48.187134502924,51.812865497076,3.47172842178794,3.47007511896527
0.755393339030101,0.244606660969899,0.557674838180172,48.8095238095238,51.1904761904762,2.94232516181983,2.5485326152712
0.994840845160045,0.00515915483995465,1,50,50,2.5,2.49373675060546
0.858877917458562,0.141122082541438,0.749134901715869,47.5,52.5,2.75086509828413,2.5368923026826
0.822626303488697,0.177373696511303,0.551584850479854,50.2049180327869,49.7950819672131,2.94841514952015,2.8914356776765
0.500928842901256,0.499071157098744,0.413237686759043,50.4885993485342,49.5114006514658,3.08676231324096,2.43668632340125
0.39318179915576,0.60681820084424,0.0308332781147101,47.4358974358974,52.5641025641026,3.46916672188529,3.46971810402755
0.388264540333183,0.611735459666817,0.0194505084140667,48.533724340176,51.466275659824,3.48054949158593,3.24431924301134
0.336681006068802,0.663318993931198,0.018611958927282,47.3809523809524,52.6190476190476,3.48138804107272,3.47726546591221
0.30142786920305,0.69857213079695,0.0542459092961149,47.5218658892128,52.4781341107872,3.44575409070389,3.26468855311118
0.425605620153879,0.574394379846121,0.0406139043119298,48.9421720733427,51.0578279266573,3.45938609568807,3.25461245864288
0.525923122557142,0.474076877442858,0.272460140036091,47.8832116788321,52.1167883211679,3.22753985996391,3.17360734714175
0.64648464109433,0.35351535890567,0.470999462138721,45.3924914675768,54.6075085324232,3.02900053786128,2.43827768179467
0.803815507914487,0.196184492085513,0.846734630279878,48.8721804511278,51.1278195488722,2.65326536972012,2.3860847207551
0.817565327438675,0.182434672561324,0.691250615783803,49.2537313432836,50.7462686567164,2.8087493842162,2.4411477511927
0.621149642065688,0.378850357934312,0.393243968987439,50.0994035785288,49.9005964214712,3.10675603101256,3.00077704562993
0.762763637664984,0.237236362335016,0.91688851426254,48.8721804511278,51.1278195488722,2.58311148573746,2.38566314628151
0.584068401131324,0.415931598868676,0.499964181390031,47.7272727272727,52.2727272727273,3.00003581860997,2.97051558953753
0.209391462768003,0.790608537231997,0.0322203644327631,45.6140350877193,54.3859649122807,3.46777963556724,2.60654331150525
0.114074269690494,0.885925730309506,0.0202944146440647,46.4877663772691,53.5122336227309,3.47970558535594,3.46081809023571
0.066492427762987,0.933507572237013,0.011011183426414,45.8623356535189,54.1376643464811,3.48898881657359,3.41801993282799
0.1609196756809,0.839080324319101,0.0160584089503963,43.2806324110672,56.7193675889328,3.4839415910496,2.7125
0.668094102376633,0.331905897623367,0.650489408434546,48.5714285714286,51.4285714285714,2.84951059156545,2.32810895532845
0.728130879769794,0.271869120230206,0.647011665055015,49.3055555555556,50.6944444444444,2.85298833494498,2.3786715759139
0.875875685332004,0.124124314667996,0.903847789246184,48.8207547169811,51.1792452830189,2.59615221075382,2.41840036708346
0.310753644165909,0.689246355834091,0.287945277490533,45.1697127937337,54.8302872062663,3.21205472250947,2.55801173810519
0.765500103433471,0.234499896566529,0.775089839862545,49.1279069767442,50.8720930232558,2.72491016013745,2.5625
0.81590876218879,0.18409123781121,0.100643601722639,49.5035460992908,50.4964539007092,3.39935639827736,3.3060177337094
0.766327876633578,0.233672123366422,0.362554452244064,48.1099656357388,51.8900343642612,3.13744554775594,3.09376406750826
1,0,0.720401265416488,49.3212669683258,50.6787330316742,2.77959873458351,2.78377343389197
0.754620776925503,0.245379223074497,0.759417949601842,49.063670411985,50.936329588015,2.74058205039816,2.40361626204933
0.836305000460421,0.163694999539579,0.761811398483138,48.4771573604061,51.5228426395939,2.73818860151686,2.56605340375282
0.727932155925929,0.272067844074071,0.735071589629775,49.1103202846975,50.8896797153025,2.76492841037022,2.41141398353868
